step,toolgroup,unit,pt_min,pt_offset_min,cascade_interval_min,batch_min_wafers,batch_max_wafers,sample_prob
1,Diffusion_FE_120,Batch,501.330000,25.066500,,125,150,1.0000
2,WE_FE_84,Wafer,0.852000,0.042600,0.639000,,,1.0000
3,DefMEt_FE_118,Lot,17.994000,0.899700,,,,0.5600
4,TF_Met_FE_45,Lot,8.514000,0.425700,,,,0.3600
5,Diffusion_FE_127,Batch,437.580000,21.879000,,100,125,1.0000
6,DefMEt_FE_118,Lot,23.658000,1.182900,,,,0.5900
7,TF_Met_FE_45,Lot,9.804000,0.490200,,,,0.3900
8,WE_FE_108,Wafer,0.990000,0.049500,0.742500,,,1.0000
9,WE_FE_83,Wafer,1.038000,0.051900,0.778500,,,1.0000
10,WE_FE_84,Wafer,0.900000,0.045000,0.675000,,,1.0000
11,LithoTrack_FE_115,Wafer,2.172000,0.108600,,,,1.0000
12,LithoTrack_FE_115,Wafer,2.676000,0.133800,,,,1.0000
13,Litho_FE_92,Wafer,2.640000,0.132000,,,,1.0000
14,LithoMet_FE_19,Lot,28.104000,1.405200,,,,1.0000
15,Litho_REG_FE_64,Lot,25.272000,1.263600,,,,1.0000
16,DefMet_FE_10,Lot,6.876000,0.343800,,,,0.5700
17,Implant_128,Wafer,1.140000,0.057000,0.855000,,,1.0000
18,DE_FE_1,Lot,135.234000,6.761700,,,,1.0000
19,DE_FE_86,Lot,162.798000,8.139900,,,,1.0000
20,WE_FE_108,Wafer,1.002000,0.050100,0.751500,,,1.0000
21,WE_FE_108,Wafer,0.978000,0.048900,0.733500,,,1.0000
22,LithoMet_FE_19,Lot,18.906000,0.945300,,,,1.0000
23,DefMet_FE_43,Lot,19.374000,0.968700,,,,0.5700
24,Diffusion_FE_44,Batch,349.992000,17.499600,,100,125,1.0000
25,DefMet_FE_43,Lot,6.372000,0.318600,,,,0.5100
26,DE_FE_51,Lot,72.492000,3.624600,,,,1.0000
27,DE_FE_86,Lot,84.336000,4.216800,,,,1.0000
28,WE_FE_108,Wafer,0.930000,0.046500,0.697500,,,1.0000
29,WE_FE_83,Wafer,0.948000,0.047400,0.711000,,,1.0000
30,WE_FE_84,Wafer,1.140000,0.057000,0.855000,,,1.0000
31,LithoTrack_FE_95,Wafer,2.784000,0.139200,,,,1.0000
32,LithoTrack_FE_115,Wafer,1.692000,0.084600,,,,1.0000
33,Litho_FE_92,Wafer,2.226000,0.111300,,,,1.0000
34,LithoMet_FE_19,Lot,16.902000,0.845100,,,,0.3000
35,Litho_REG_FE_64,Lot,21.306000,1.065300,,,,0.4900
36,DE_FE_71,Lot,164.082000,8.204100,,,,1.0000
37,WE_FE_41,Wafer,0.906000,0.045300,0.679500,,,1.0000
38,DE_FE_59,Lot,108.438000,5.421900,,,,1.0000
39,WE_FE_47,Wafer,1.140000,0.057000,0.855000,,,1.0000
40,DE_FE_71,Lot,80.958000,4.047900,,,,1.0000
41,WE_FE_108,Wafer,0.840000,0.042000,0.630000,,,1.0000
42,DefMet_FE_43,Lot,9.744000,0.487200,,,,0.5300
43,Delay_32,Lot,180.000000,9.000000,,,,1.0000
44,DE_FE_54,Lot,97.818000,4.890900,,,,1.0000
45,DE_FE_86,Lot,105.036000,5.251800,,,,1.0000
46,WE_FE_108,Wafer,0.792000,0.039600,0.594000,,,1.0000
47,LithoMet_FE_19,Lot,20.670000,1.033500,,,,1.0000
48,DefMet_FE_34,Lot,25.224000,1.261200,,,,0.5600
49,Delay_32,Lot,240.000000,12.000000,,,,1.0000
50,WE_FE_8,Wafer,1.086000,0.054300,0.814500,,,1.0000
51,WE_FE_83,Wafer,0.960000,0.048000,0.720000,,,1.0000
52,DefMet_FE_43,Lot,29.298000,1.464900,,,,0.5600
53,Dielectric_FE_112,Lot,35.928000,1.796400,,,,1.0000
54,WE_FE_108,Wafer,0.936000,0.046800,0.720000,,,1.0000
55,Dielectric_FE_112,Lot,33.324000,1.666200,,,,1.0000
56,Planar_FE_79,Lot,77.070000,3.853500,53.949000,,,1.0000
57,WE_FE_108,Wafer,1.194000,0.059700,0.895500,,,1.0000
58,Litho_FE_111,Wafer,1.920000,0.096000,,,,1.0000
59,LithoMet_FE_19,Lot,24.606000,1.230300,,,,1.0000
60,Litho_REG_FE_64,Lot,20.196000,1.009800,,,,0.2300
61,Implant_132,Wafer,1.050000,0.052500,0.787500,,,1.0000
62,DE_FE_86,Lot,155.718000,7.785900,,,,1.0000
63,WE_FE_108,Wafer,1.068000,0.053400,0.810000,,,1.0000
64,WE_FE_84,Wafer,1.128000,0.056400,0.846000,,,1.0000
65,Litho_FE_98,Wafer,1.464000,0.073200,,,,1.0000
66,LithoMet_FE_19,Lot,17.910000,0.895500,,,,0.4700
67,Litho_REG_FE_64,Lot,20.634000,1.031700,,,,1.0000
68,Implant_128,Wafer,0.816000,0.040800,0.612000,,,1.0000
69,DE_FE_86,Lot,77.358000,3.867900,,,,1.0000
70,WE_FE_108,Wafer,1.080000,0.054000,0.810000,,,1.0000
71,WE_FE_84,Wafer,0.708000,0.035400,0.531000,,,1.0000
72,Litho_FE_98,Wafer,3.300000,0.165000,,,,1.0000
73,LithoMet_FE_19,Lot,22.854000,1.142700,,,,0.1700
74,Litho_REG_FE_64,Lot,16.452000,0.822600,,,,0.1900
75,Implant_132,Wafer,1.062000,0.053100,0.796500,,,1.0000
76,DE_FE_86,Lot,139.158000,6.957900,,,,1.0000
77,WE_FE_108,Wafer,0.786000,0.039300,0.589500,,,1.0000
78,WE_FE_84,Wafer,1.128000,0.056400,0.846000,,,1.0000
79,Litho_FE_111,Wafer,2.772000,0.138600,,,,1.0000
80,LithoMet_FE_19,Lot,28.422000,1.421100,,,,1.0000
81,Litho_REG_FE_64,Lot,23.172000,1.158600,,,,0.4100
82,Implant_132,Wafer,1.320000,0.066000,0.990000,,,1.0000
83,DE_FE_86,Lot,137.484000,6.874200,,,,1.0000
84,WE_FE_84,Wafer,0.912000,0.045600,0.684000,,,1.0000
85,Litho_FE_111,Wafer,1.692000,0.084600,,,,1.0000
86,LithoMet_FE_19,Lot,27.294000,1.364700,,,,1.0000
87,Litho_REG_FE_64,Lot,26.220000,1.311000,,,,1.0000
88,Implant_132,Wafer,1.332000,0.066600,0.999000,,,1.0000
89,WE_FE_108,Wafer,1.176000,0.058800,0.882000,,,1.0000
90,DE_FE_86,Lot,82.242000,4.112100,,,,1.0000
91,WE_FE_108,Wafer,0.708000,0.035400,0.531000,,,1.0000
92,WE_FE_108,Wafer,0.870000,0.043500,0.652500,,,1.0000
93,Delay_32,Lot,240.000000,12.000000,,,,1.0000
94,Implant_88,Wafer,0.864000,0.043200,0.648000,,,1.0000
95,WE_FE_108,Wafer,0.906000,0.045300,0.679500,,,1.0000
96,TF_FE_131,Lot,82.584000,4.129200,7.196400,,,1.0000
97,DefMet_FE_34,Lot,8.142000,0.407100,,,,0.5800
98,Delay_32,Lot,180.000000,9.000000,,,,1.0000
99,WE_FE_108,Wafer,0.624000,0.031200,0.468000,,,1.0000
100,Diffusion_FE_120,Batch,399.516000,19.975800,,75,100,1.0000
101,Diffusion_FE_127,Batch,317.748000,15.887400,,100,125,1.0000
102,Planar_FE_77,Lot,43.116000,2.155800,3.181200,,,1.0000
103,WE_FE_108,Wafer,1.050000,0.052500,0.787500,,,1.0000
104,Delay_32,Lot,120.000000,6.000000,,,,1.0000
105,Dielectric_FE_30,Lot,33.426000,1.671300,3.834000,,,1.0000
106,DefMet_FE_34,Lot,13.698000,0.684900,,,,0.5900
107,WE_FE_8,Wafer,0.792000,0.039600,0.594000,,,1.0000
108,WE_FE_108,Wafer,0.660000,0.033000,0.495000,,,1.0000
109,Implant_91,Wafer,1.242000,0.062100,0.931500,,,1.0000
110,WE_FE_83,Wafer,1.080000,0.054000,0.810000,,,1.0000
111,WE_FE_84,Wafer,0.978000,0.048900,0.733500,,,1.0000
112,LithoTrack_FE_115,Wafer,2.670000,0.133500,,,,1.0000
113,Litho_FE_92,Wafer,3.066000,0.153300,,,,1.0000
114,TF_Met_FE_61,Lot,9.924000,0.496200,,,,0.3100
115,LithoMet_FE_19,Lot,23.598000,1.179900,,,,0.4200
116,Litho_REG_FE_64,Lot,25.290000,1.264500,,,,1.0000
117,Implant_128,Wafer,1.320000,0.066000,0.990000,,,1.0000
118,DE_FE_71,Lot,99.978000,4.998900,,,,1.0000
119,DE_FE_86,Lot,150.150000,7.507500,,,,1.0000
120,DefMet_FE_43,Lot,27.834000,1.391700,,,,0.5800
121,WE_FE_108,Wafer,0.936000,0.046800,0.720000,,,1.0000
122,WE_FE_83,Wafer,0.708000,0.035400,0.531000,,,1.0000
123,WE_FE_84,Wafer,1.146000,0.057300,0.859500,,,1.0000
124,DefMet_FE_43,Lot,9.144000,0.457200,,,,0.5200
125,LithoTrack_FE_115,Wafer,2.898000,0.144900,,,,1.0000
126,Litho_FE_92,Wafer,2.550000,0.127500,,,,1.0000
127,LithoMet_FE_19,Lot,27.864000,1.393200,,,,1.0000
128,Litho_REG_FE_64,Lot,28.926000,1.446300,,,,1.0000
129,DE_FE_71,Lot,170.784000,8.539200,,,,1.0000
130,WE_FE_108,Wafer,1.062000,0.053100,0.796500,,,1.0000
131,WE_FE_83,Wafer,0.900000,0.045000,0.675000,,,1.0000
132,WE_FE_84,Wafer,0.960000,0.048000,0.720000,,,1.0000
133,DefMet_FE_43,Lot,8.016000,0.400800,,,,0.5000
134,LithoTrack_FE_115,Wafer,1.638000,0.081900,,,,1.0000
135,Litho_FE_92,Wafer,1.998000,0.099900,,,,1.0000
136,LithoMet_FE_19,Lot,18.174000,0.908700,,,,1.0000
137,Litho_REG_FE_64,Lot,22.860000,1.143000,,,,0.5000
138,DE_FE_71,Lot,141.096000,7.054800,,,,1.0000
139,WE_FE_108,Wafer,0.732000,0.036600,0.549000,,,1.0000
140,DefMet_FE_43,Lot,28.596000,1.429800,,,,0.5000
141,DE_FE_59,Lot,156.384000,7.819200,,,,1.0000
142,WE_FE_108,Wafer,1.008000,0.050400,0.756000,,,1.0000
143,TF_Met_FE_61,Lot,7.926000,0.396300,,,,0.3600
144,LithoMet_FE_19,Lot,25.158000,1.257900,,,,1.0000
145,DefMet_FE_10,Lot,29.238000,1.461900,,,,0.5700
146,Delay_32,Lot,120.000000,6.000000,,,,1.0000
147,DE_FE_86,Lot,134.610000,6.730500,,,,1.0000
148,WE_FE_84,Wafer,0.906000,0.045300,0.679500,,,1.0000
149,Litho_FE_111,Wafer,3.168000,0.158400,,,,1.0000
150,LithoMet_FE_19,Lot,21.954000,1.097700,,,,1.0000
151,Litho_REG_FE_64,Lot,25.278000,1.263900,,,,1.0000
152,Litho_FE_35,Wafer,2.022000,0.101100,,,,1.0000
153,Implant_132,Wafer,0.924000,0.046200,0.693000,,,1.0000
154,DE_FE_86,Lot,165.792000,8.289600,,,,1.0000
155,DefMet_FE_43,Lot,15.252000,0.762600,,,,0.5200
156,WE_FE_108,Wafer,1.038000,0.051900,0.778500,,,1.0000
157,WE_FE_84,Wafer,0.654000,0.032700,0.495000,,,1.0000
158,LithoTrack_FE_115,Wafer,2.928000,0.146400,,,,1.0000
159,Litho_FE_111,Wafer,3.114000,0.155700,,,,1.0000
160,LithoMet_FE_19,Lot,27.186000,1.359300,,,,0.3300
161,Litho_REG_FE_64,Lot,29.478000,1.473900,,,,0.4400
162,DE_FE_51,Lot,126.000000,6.300000,,,,1.0000
163,WE_FE_108,Wafer,0.882000,0.044100,0.661500,,,1.0000
164,Implant_128,Wafer,0.888000,0.044400,0.666000,,,1.0000
165,DE_FE_86,Lot,154.458000,7.722900,,,,1.0000
166,DefMet_FE_43,Lot,13.818000,0.690900,,,,0.5400
167,WE_FE_108,Wafer,0.882000,0.044100,0.661500,,,1.0000
168,Implant_128,Wafer,1.116000,0.055800,0.837000,,,1.0000
169,WE_FE_108,Wafer,0.978000,0.048900,0.733500,,,1.0000
170,Implant_91,Wafer,1.236000,0.061800,0.927000,,,1.0000
171,Diffusion_FE_100,Batch,389.094000,19.454700,,125,150,1.0000
172,TF_Met_FE_61,Lot,7.800000,0.390000,,,,0.3300
173,DefMet_FE_43,Lot,22.704000,1.135200,,,,0.5500
174,Diffusion_FE_122,Batch,522.816000,26.140800,,125,150,1.0000
175,WE_FE_84,Wafer,1.098000,0.054900,0.823500,,,1.0000
176,LithoTrack_FE_115,Wafer,2.778000,0.138900,,,,1.0000
177,DE_FE_51,Lot,172.998000,8.649900,,,,1.0000
178,Implant_74,Wafer,0.822000,0.041100,0.616500,,,1.0000
179,Delay_32,Lot,120.000000,6.000000,,,,1.0000
180,Implant_128,Wafer,0.978000,0.048900,0.733500,,,1.0000
181,DefMet_FE_43,Lot,6.234000,0.311700,,,,0.5200
182,DE_FE_86,Lot,104.298000,5.214900,,,,1.0000
183,WE_FE_108,Wafer,0.852000,0.042600,0.639000,,,1.0000
184,Implant_91,Wafer,0.786000,0.039300,0.589500,,,1.0000
185,WE_FE_108,Wafer,0.678000,0.033900,0.585000,,,1.0000
186,DE_FE_62,Lot,169.656000,8.482800,,,,1.0000
187,DE_FE_86,Lot,73.506000,3.675300,,,,1.0000
188,TF_Met_FE_61,Lot,6.168000,0.308400,,,,0.3400
189,WE_FE_108,Wafer,1.098000,0.054900,0.823500,,,1.0000
190,Delay_32,Lot,180.000000,9.000000,,,,1.0000
191,Diffusion_FE_101,Batch,449.862000,22.493100,,125,150,1.0000
192,DE_FE_86,Lot,115.812000,5.790600,,,,1.0000
193,Implant_91,Wafer,0.936000,0.046800,0.720000,,,1.0000
194,WE_FE_84,Wafer,0.906000,0.045300,0.679500,,,1.0000
195,LithoTrack_FE_115,Wafer,1.860000,0.093000,,,,1.0000
196,Litho_FE_111,Wafer,2.946000,0.147300,,,,1.0000
197,LithoMet_FE_19,Lot,26.682000,1.334100,,,,0.3000
198,Litho_REG_FE_64,Lot,20.442000,1.022100,,,,0.4000
199,DE_FE_51,Lot,125.964000,6.298200,,,,1.0000
200,WE_FE_108,Wafer,0.822000,0.041100,0.616500,,,1.0000
201,Implant_128,Wafer,1.116000,0.055800,0.837000,,,1.0000
202,DE_FE_86,Lot,107.874000,5.393700,,,,1.0000
203,WE_FE_108,Wafer,0.906000,0.045300,0.679500,,,1.0000
204,Delay_32,Lot,180.000000,9.000000,,,,1.0000
205,DefMet_FE_10,Lot,5.202000,0.260100,,,,0.5400
206,WE_FE_108,Wafer,0.720000,0.036000,0.540000,,,1.0000
207,Delay_32,Lot,180.000000,9.000000,,,,1.0000
208,DE_FE_53,Lot,164.232000,8.211600,,,,1.0000
209,WE_FE_84,Wafer,1.014000,0.050700,0.765000,,,1.0000
210,WE_FE_108,Wafer,0.822000,0.041100,0.616500,,,1.0000
211,WE_FE_108,Wafer,0.720000,0.036000,0.540000,,,1.0000
212,TF_Met_FE_61,Lot,8.124000,0.406200,,,,0.4000
213,TF_Met_FE_61,Lot,9.306000,0.465300,,,,0.3500
214,Delay_32,Lot,180.000000,9.000000,,,,1.0000
215,Delay_32,Lot,120.000000,6.000000,,,,1.0000
216,WE_FE_47,Wafer,0.726000,0.036300,0.544500,,,1.0000
217,EPI_36,Wafer,0.870000,0.043500,0.652500,,,1.0000
218,TF_Met_FE_61,Lot,6.066000,0.303300,,,,0.3400
219,TF_Met_FE_61,Lot,8.214000,0.410700,,,,0.3500
220,Delay_32,Lot,180.000000,9.000000,,,,1.0000
221,WE_FE_108,Wafer,0.780000,0.039000,0.585000,,,1.0000
222,DefMet_FE_10,Lot,9.072000,0.453600,,,,0.5500
223,WE_FE_108,Wafer,1.152000,0.057600,0.864000,,,1.0000
224,Diffusion_FE_101,Batch,536.202000,26.810100,,125,150,1.0000
225,DE_FE_86,Lot,157.656000,7.882800,,,,1.0000
226,Implant_91,Wafer,1.266000,0.063300,0.949500,,,1.0000
227,WE_FE_84,Wafer,1.098000,0.054900,0.823500,,,1.0000
228,LithoTrack_FE_115,Wafer,2.958000,0.147900,,,,1.0000
229,LithoMet_FE_19,Lot,19.434000,0.971700,,,,1.0000
230,Litho_REG_FE_64,Lot,28.632000,1.431600,,,,0.2200
231,DE_FE_51,Lot,161.736000,8.086800,,,,1.0000
232,WE_FE_108,Wafer,0.888000,0.044400,0.666000,,,1.0000
233,DE_FE_86,Lot,169.734000,8.486700,,,,1.0000
234,WE_FE_108,Wafer,0.816000,0.040800,0.612000,,,1.0000
235,DefMet_FE_43,Lot,26.040000,1.302000,,,,0.5900
236,WE_FE_108,Wafer,0.726000,0.036300,0.544500,,,1.0000
237,DE_FE_58,Lot,88.440000,4.422000,,,,1.0000
238,TF_Met_FE_61,Lot,7.626000,0.381300,,,,0.3300
239,TF_Met_FE_61,Lot,8.976000,0.448800,,,,0.3800
240,WE_FE_108,Wafer,0.606000,0.030300,0.454500,,,1.0000
241,WE_FE_108,Wafer,0.714000,0.035700,0.535500,,,1.0000
242,Delay_32,Lot,240.000000,12.000000,,,,1.0000
243,WE_FE_47,Wafer,1.158000,0.057900,0.868500,,,1.0000
244,EPI_38,Wafer,1.068000,0.053400,0.810000,,,1.0000
245,TF_Met_FE_61,Lot,5.154000,0.257700,,,,0.3000
246,TF_Met_FE_61,Lot,7.818000,0.390900,,,,0.3700
247,WE_FE_108,Wafer,1.122000,0.056100,0.841500,,,1.0000
248,Implant_119,Wafer,1.158000,0.057900,0.868500,,,1.0000
249,WE_FE_84,Wafer,1.044000,0.052200,0.783000,,,1.0000
250,WE_FE_108,Wafer,0.684000,0.034200,0.513000,,,1.0000
251,Dielectric_FE_29,Lot,46.536000,2.326800,,,,1.0000
252,Implant_90,Wafer,1.392000,0.069600,1.440000,,,1.0000
253,DE_FE_62,Lot,168.774000,8.438700,,,,1.0000
254,DE_FE_86,Lot,134.934000,6.746700,,,,1.0000
255,WE_FE_108,Wafer,0.642000,0.032100,0.481500,,,1.0000
256,DefMet_FE_43,Lot,28.692000,1.434600,,,,0.5300
257,Dielectric_FE_31,Lot,37.260000,1.863000,,,,1.0000
258,Dielectric_FE_112,Lot,54.312000,2.715600,,,,1.0000
259,TF_Met_FE_61,Lot,6.360000,0.318000,,,,0.4000
260,LithoTrack_FE_96,Wafer,1.824000,0.091200,,,,1.0000
261,Diffusion_FE_126,Batch,474.396000,23.719800,,100,125,1.0000
262,Dielectric_FE_31,Lot,36.396000,1.819800,,,,1.0000
263,Planar_FE_79,Lot,63.480000,3.174000,44.436000,,,1.0000
264,WE_FE_84,Wafer,0.666000,0.033300,0.499500,,,1.0000
265,WE_FE_108,Wafer,1.140000,0.057000,0.855000,,,1.0000
266,Delay_32,Lot,180.000000,9.000000,,,,1.0000
267,DE_FE_62,Lot,145.002000,7.250100,,,,1.0000
268,WE_FE_108,Wafer,0.858000,0.042900,0.643500,,,1.0000
269,TF_Met_FE_61,Lot,6.018000,0.300900,,,,0.3800
270,DefMet_FE_10,Lot,29.496000,1.474800,,,,0.5500
271,Delay_32,Lot,120.000000,6.000000,,,,1.0000
272,Implant_128,Wafer,0.864000,0.043200,0.648000,,,1.0000
273,Dielectric_FE_112,Lot,50.226000,2.511300,,,,1.0000
274,DE_FE_59,Lot,69.408000,3.470400,,,,1.0000
275,DE_FE_62,Lot,63.120000,3.156000,,,,1.0000
276,Implant_128,Wafer,0.930000,0.046500,0.697500,,,1.0000
277,Dielectric_FE_112,Lot,59.178000,2.958900,,,,1.0000
278,WE_FE_47,Wafer,1.164000,0.058200,0.873000,,,1.0000
279,TF_Met_FE_61,Lot,6.342000,0.317100,,,,0.3300
280,DefMet_FE_10,Lot,14.616000,0.730800,,,,0.5200
281,Diffusion_FE_101,Batch,499.440000,24.972000,,100,125,1.0000
282,WE_FE_108,Wafer,1.176000,0.058800,0.882000,,,1.0000
283,TF_FE_3,Lot,80.370000,4.018500,68.314500,,,1.0000
284,Implant_90,Wafer,1.152000,0.057600,0.864000,,,1.0000
285,TF_FE_103,Lot,89.232000,4.461600,75.847200,,,1.0000
286,Diffusion_FE_94,Batch,463.140000,23.157000,,125,150,1.0000
287,TF_FE_104,Lot,68.070000,3.403500,57.859500,,,1.0000
288,Implant_91,Wafer,1.380000,0.069000,1.350000,,,1.0000
289,WE_FE_47,Wafer,0.654000,0.032700,0.495000,,,1.0000
290,TF_FE_131,Lot,85.860000,4.293000,72.981000,,,1.0000
291,WE_FE_84,Wafer,1.110000,0.055500,0.832500,,,1.0000
292,LithoTrack_FE_95,Wafer,1.704000,0.085200,,,,1.0000
293,DE_FE_70,Lot,67.254000,3.362700,,,,1.0000
294,WE_FE_41,Wafer,0.870000,0.043500,0.652500,,,1.0000
295,TF_Met_FE_61,Lot,9.582000,0.479100,,,,0.3700
296,WE_FE_41,Wafer,0.948000,0.047400,0.711000,,,1.0000
297,Diffusion_FE_94,Batch,539.346000,26.967300,,75,100,1.0000
298,WE_FE_84,Wafer,0.960000,0.048000,0.720000,,,1.0000
299,TF_FE_103,Lot,84.204000,4.210200,71.573400,,,1.0000
300,WE_FE_84,Wafer,0.624000,0.031200,0.468000,,,1.0000
301,LithoTrack_FE_95,Wafer,2.736000,0.136800,,,,1.0000
302,DE_FE_70,Lot,71.640000,3.582000,,,,1.0000
303,WE_FE_108,Wafer,0.888000,0.044400,0.666000,,,1.0000
304,WE_FE_84,Wafer,0.696000,0.034800,0.522000,,,1.0000
305,LithoTrack_FE_115,Wafer,3.000000,0.150000,,,,1.0000
306,Litho_FE_111,Wafer,3.108000,0.155400,,,,1.0000
307,LithoMet_FE_19,Lot,23.226000,1.161300,,,,1.0000
308,Litho_REG_FE_64,Lot,25.644000,1.282200,,,,1.0000
309,DE_FE_70,Lot,148.344000,7.417200,,,,1.0000
310,WE_FE_108,Wafer,0.996000,0.049800,0.747000,,,1.0000
311,WE_FE_108,Wafer,1.116000,0.055800,0.837000,,,1.0000
312,WE_FE_41,Wafer,0.612000,0.030600,0.459000,,,1.0000
313,LithoMet_FE_19,Lot,23.208000,1.160400,,,,1.0000
314,Delay_32,Lot,120.000000,6.000000,,,,1.0000
315,TF_Met_FE_61,Lot,9.390000,0.469500,,,,0.3700
316,TF_FE_5,Lot,64.602000,3.230100,54.911700,,,1.0000
317,Delay_32,Lot,240.000000,12.000000,,,,1.0000
318,Diffusion_FE_94,Batch,473.022000,23.651100,,125,150,1.0000
319,Dielectric_FE_130,Lot,53.250000,2.662500,47.925000,,,1.0000
320,WE_FE_41,Wafer,0.966000,0.048300,0.724500,,,1.0000
321,Planar_FE_76,Lot,55.842000,2.792100,39.894000,,,1.0000
322,TF_FE_104,Lot,69.630000,3.481500,59.185500,,,1.0000
323,WE_FE_108,Wafer,0.642000,0.032100,0.481500,,,1.0000
324,WE_FE_84,Wafer,0.870000,0.043500,0.652500,,,1.0000
325,Litho_FE_111,Wafer,2.574000,0.128700,,,,1.0000
326,LithoMet_FE_19,Lot,17.358000,0.867900,,,,1.0000
327,Litho_REG_FE_64,Lot,23.982000,1.199100,,,,1.0000
328,Implant_128,Wafer,0.798000,0.039900,0.598500,,,1.0000
329,DE_FE_86,Lot,162.216000,8.110800,,,,1.0000
330,WE_FE_47,Wafer,1.194000,0.059700,0.895500,,,1.0000
331,WE_FE_41,Wafer,0.612000,0.030600,0.459000,,,1.0000
332,DE_FE_86,Lot,142.164000,7.108200,,,,1.0000
333,DE_FE_56,Lot,72.006000,3.600300,,,,1.0000
334,WE_FE_41,Wafer,0.738000,0.036900,0.553500,,,1.0000
335,TF_Met_FE_61,Lot,6.330000,0.316500,,,,0.3500
336,DE_FE_86,Lot,140.724000,7.036200,,,,1.0000
337,Dielectric_FE_29,Lot,46.704000,2.335200,,,,1.0000
338,Planar_FE_78,Lot,50.820000,2.541000,35.574000,,,1.0000
339,WE_FE_108,Wafer,1.122000,0.056100,0.841500,,,1.0000
340,Dielectric_FE_31,Lot,55.530000,2.776500,,,,1.0000
341,WE_FE_83,Wafer,0.630000,0.031500,0.472500,,,1.0000
342,WE_FE_84,Wafer,0.600000,0.030000,0.450000,,,1.0000
343,LithoTrack_FE_115,Wafer,1.872000,0.093600,,,,1.0000
344,LithoTrack_FE_115,Wafer,3.210000,0.160500,,,,1.0000
345,Litho_FE_92,Wafer,2.592000,0.129600,,,,1.0000
346,Litho_REG_FE_64,Lot,26.430000,1.321500,,,,0.1000
347,Implant_128,Wafer,0.864000,0.043200,0.648000,,,1.0000
348,Diffusion_FE_44,Batch,448.002000,22.400100,,75,100,1.0000
349,LithoTrack_FE_115,Wafer,1.656000,0.082800,,,,1.0000
350,LithoTrack_FE_115,Wafer,3.252000,0.162600,,,,1.0000
351,Litho_FE_92,Wafer,2.346000,0.117300,,,,1.0000
352,LithoMet_FE_19,Lot,23.838000,1.191900,,,,0.3600
353,Litho_REG_FE_64,Lot,19.452000,0.972600,,,,1.0000
354,DE_FE_72,Lot,62.952000,3.147600,,,,1.0000
355,DE_FE_86,Lot,173.484000,8.674200,,,,1.0000
356,DE_FE_86,Lot,99.750000,4.987500,,,,1.0000
357,WE_FE_47,Wafer,1.026000,0.051300,0.769500,,,1.0000
358,WE_FE_83,Wafer,0.756000,0.037800,0.567000,,,1.0000
359,WE_FE_85,Wafer,1.164000,0.058200,0.873000,,,1.0000
360,LithoTrack_FE_115,Wafer,3.222000,0.161100,,,,1.0000
361,LithoTrack_FE_115,Wafer,2.850000,0.142500,,,,1.0000
362,Litho_FE_92,Wafer,3.246000,0.162300,,,,1.0000
363,LithoMet_FE_19,Lot,16.440000,0.822000,,,,1.0000
364,Litho_REG_FE_64,Lot,19.044000,0.952200,,,,0.1600
365,DE_FE_72,Lot,164.814000,8.240700,,,,1.0000
366,DE_FE_86,Lot,87.234000,4.361700,,,,1.0000
367,DE_FE_86,Lot,150.372000,7.518600,,,,1.0000
368,WE_FE_47,Wafer,0.690000,0.034500,0.517500,,,1.0000
369,LithoMet_FE_19,Lot,19.908000,0.995400,,,,1.0000
370,TF_FE_113,Lot,79.080000,3.954000,67.218000,,,1.0000
371,Implant_119,Wafer,1.068000,0.053400,0.810000,,,1.0000
372,WE_FE_47,Wafer,1.068000,0.053400,0.810000,,,1.0000
373,DefMet_FE_106,Lot,15.558000,0.777900,,,,0.1000
374,Dielectric_FE_130,Lot,49.356000,2.467800,44.424000,,,1.0000
375,WE_FE_41,Wafer,1.026000,0.051300,0.769500,,,1.0000
376,Planar_FE_80,Lot,38.670000,1.933500,27.690000,,,1.0000
377,Delay_32,Lot,120.000000,6.000000,,,,1.0000
378,Dielectric_BE_27,Lot,59.352000,2.967600,53.416800,,,1.0000
379,Dielectric_BE_60,Lot,49.824000,2.491200,44.841600,,,1.0000
380,Dielectric_BE_20,Lot,33.636000,1.681800,3.272400,,,1.0000
381,Dielectric_BE_60,Lot,39.468000,1.973400,35.521200,,,1.0000
382,TF_BE_26,Lot,76.740000,3.837000,65.229000,,,1.0000
383,WE_BE_81,Wafer,0.816000,0.040800,0.612000,,,1.0000
384,WE_BE_82,Wafer,1.194000,0.059700,0.895500,,,1.0000
385,LithoTrack_FE_95,Wafer,1.800000,0.090000,,,,1.0000
386,LithoTrack_FE_115,Wafer,1.722000,0.086100,,,,1.0000
387,Litho_FE_92,Wafer,3.330000,0.166500,,,,1.0000
388,LithoTrack_FE_115,Wafer,1.818000,0.090900,,,,1.0000
389,Implant_128,Wafer,0.828000,0.041400,0.621000,,,1.0000
390,Litho_FE_92,Wafer,2.136000,0.106800,,,,1.0000
391,LithoMet_BE_18,Lot,21.084000,1.054200,,,,1.0000
392,Litho_REG_BE_63,Lot,25.986000,1.299300,,,,0.2800
393,Litho_REG_BE_63,Lot,23.688000,1.184400,,,,0.1200
394,DE_BE_50,Lot,69.876000,3.493800,,,,1.0000
395,WE_BE_14,Wafer,0.768000,0.038400,0.576000,,,1.0000
396,WE_BE_81,Wafer,1.164000,0.058200,0.873000,,,1.0000
397,WE_BE_82,Wafer,1.056000,0.052800,0.792000,,,1.0000
398,LithoTrack_FE_95,Wafer,1.608000,0.080400,,,,1.0000
399,Litho_FE_92,Wafer,3.282000,0.164100,,,,1.0000
400,LithoMet_BE_18,Lot,18.990000,0.949500,,,,0.3000
401,Litho_REG_BE_63,Lot,25.344000,1.267200,,,,0.2800
402,Delay_32,Lot,180.000000,9.000000,,,,1.0000
403,DE_BE_67,Lot,74.844000,3.742200,,,,1.0000
404,WE_BE_7,Wafer,0.690000,0.034500,0.517500,,,1.0000
405,WE_BE_14,Wafer,0.978000,0.048900,0.733500,,,1.0000
406,Delay_32,Lot,180.000000,9.000000,,,,1.0000
407,DE_BE_11,Lot,74.646000,3.732300,,,,1.0000
408,WE_BE_17,Wafer,1.188000,0.059400,0.891000,,,1.0000
409,LithoTrack_FE_95,Wafer,3.246000,0.162300,,,,1.0000
410,Delay_32,Lot,120.000000,6.000000,,,,1.0000
411,DE_BE_12,Lot,170.046000,8.502300,,,,1.0000
412,WE_BE_16,Wafer,0.708000,0.035400,0.531000,,,1.0000
413,WE_BE_17,Wafer,1.020000,0.051000,0.765000,,,1.0000
414,Diffusion_BE_123,Batch,460.578000,23.028900,,75,100,1.0000
415,LithoMet_BE_18,Lot,29.580000,1.479000,,,,1.0000
416,TF_BE_24,Lot,86.934000,4.346700,73.893900,,,1.0000
417,DefMet_BE_42,Lot,20.520000,1.026000,,,,0.1000
418,TF_BE_40,Lot,71.286000,3.564300,6.593100,,,1.0000
419,WE_BE_82,Wafer,0.606000,0.030300,0.454500,,,1.0000
420,Planar_BE_75,Lot,65.184000,3.259200,45.628800,,,1.0000
421,DefMet_BE_42,Lot,19.506000,0.975300,,,,0.1000
422,Dielectric_BE_20,Lot,50.862000,2.543100,45.775800,,,1.0000
423,DefMet_BE_33,Lot,15.348000,0.767400,,,,0.1000
424,TF_BE_26,Lot,76.152000,3.807600,64.729200,,,1.0000
425,WE_BE_81,Wafer,0.882000,0.044100,0.661500,,,1.0000
426,WE_BE_82,Wafer,0.630000,0.031500,0.472500,,,1.0000
427,LithoTrack_FE_95,Wafer,1.914000,0.095700,,,,1.0000
428,LithoTrack_BE_117,Wafer,1.806000,0.090300,,,,1.0000
429,LithoMet_BE_18,Lot,27.414000,1.370700,,,,0.2400
430,Litho_REG_BE_63,Lot,26.562000,1.328100,,,,1.0000
431,DE_BE_50,Lot,84.348000,4.217400,,,,1.0000
432,WE_BE_14,Wafer,0.984000,0.049200,0.738000,,,1.0000
433,WE_BE_81,Wafer,1.146000,0.057300,0.859500,,,1.0000
434,WE_BE_82,Wafer,0.606000,0.030300,0.454500,,,1.0000
435,LithoTrack_FE_95,Wafer,1.458000,0.072900,,,,1.0000
436,LithoTrack_BE_117,Wafer,2.862000,0.143100,,,,1.0000
437,WE_BE_82,Wafer,1.170000,0.058500,0.877500,,,1.0000
438,LithoTrack_FE_95,Wafer,2.496000,0.124800,,,,1.0000
439,Litho_BE_99,Wafer,2.352000,0.117600,,,,1.0000
440,Delay_32,Lot,240.000000,12.000000,,,,1.0000
441,DE_BE_67,Lot,86.778000,4.338900,,,,1.0000
442,WE_BE_16,Wafer,1.128000,0.056400,0.846000,,,1.0000
443,WE_BE_14,Wafer,0.906000,0.045300,0.679500,,,1.0000
444,DefMet_BE_42,Lot,23.106000,1.155300,,,,0.1000
445,DE_BE_11,Lot,114.882000,5.744100,,,,1.0000
446,WE_BE_16,Wafer,1.110000,0.055500,0.832500,,,1.0000
447,LithoMet_BE_18,Lot,26.124000,1.306200,,,,0.2300
448,TF_BE_23,Lot,86.994000,4.349700,73.944900,,,1.0000
449,TF_BE_40,Lot,62.820000,3.141000,53.397000,,,1.0000
450,Planar_BE_75,Lot,63.618000,3.180900,44.532600,,,1.0000
451,Dielectric_BE_27,Lot,42.708000,2.135400,38.437200,,,1.0000
452,Dielectric_BE_20,Lot,56.790000,2.839500,51.111000,,,1.0000
453,DefMet_BE_33,Lot,16.050000,0.802500,,,,0.1000
454,TF_BE_26,Lot,62.226000,3.111300,52.892100,,,1.0000
455,WE_BE_82,Wafer,0.738000,0.036900,0.553500,,,1.0000
456,LithoTrack_FE_95,Wafer,1.458000,0.072900,,,,1.0000
457,Litho_BE_93,Wafer,2.094000,0.104700,,,,1.0000
458,LithoMet_BE_18,Lot,15.396000,0.769800,,,,0.3800
459,Litho_REG_BE_63,Lot,24.114000,1.205700,,,,1.0000
460,DE_BE_67,Lot,140.334000,7.016700,,,,1.0000
461,WE_BE_16,Wafer,0.606000,0.030300,0.454500,,,1.0000
462,WE_BE_14,Wafer,0.954000,0.047700,0.715500,,,1.0000
463,DE_BE_11,Lot,77.298000,3.864900,,,,1.0000
464,WE_BE_16,Wafer,1.182000,0.059100,0.886500,,,1.0000
465,LithoMet_BE_18,Lot,26.220000,1.311000,,,,1.0000
466,TF_BE_23,Lot,80.016000,4.000800,68.136000,,,1.0000
467,TF_BE_40,Lot,69.936000,3.496800,59.445600,,,1.0000
468,Planar_BE_75,Lot,72.990000,3.649500,51.930000,,,1.0000
469,Dielectric_BE_27,Lot,57.600000,2.880000,51.840000,,,1.0000
470,Dielectric_BE_21,Lot,37.926000,1.896300,,,,1.0000
471,DefMet_BE_33,Lot,26.340000,1.317000,,,,0.1000
472,WE_BE_82,Wafer,0.702000,0.035100,0.526500,,,1.0000
473,Litho_BE_110,Wafer,2.568000,0.128400,,,,1.0000
474,LithoMet_BE_18,Lot,28.890000,1.444500,,,,1.0000
475,Litho_REG_BE_63,Lot,15.888000,0.794400,,,,0.3000
476,DE_BE_66,Lot,98.862000,4.943100,,,,1.0000
477,WE_BE_9,Wafer,1.116000,0.055800,0.837000,,,1.0000
478,LithoTrack_FE_95,Wafer,3.282000,0.164100,,,,1.0000
479,Litho_BE_110,Wafer,1.962000,0.098100,,,,1.0000
480,WE_BE_9,Wafer,0.900000,0.045000,0.675000,,,1.0000
481,DE_BE_13,Lot,107.724000,5.386200,,,,1.0000
482,WE_BE_16,Wafer,0.780000,0.039000,0.585000,,,1.0000
483,LithoMet_BE_18,Lot,20.652000,1.032600,,,,1.0000
484,TF_BE_23,Lot,65.202000,3.260100,55.421700,,,1.0000
485,TF_BE_40,Lot,82.764000,4.138200,7.349400,,,1.0000
486,Planar_BE_75,Lot,64.146000,3.207300,44.922000,,,1.0000
487,Dielectric_BE_27,Lot,33.600000,1.680000,3.240000,,,1.0000
488,Dielectric_BE_21,Lot,42.900000,2.145000,,,,1.0000
489,DefMet_BE_33,Lot,13.248000,0.662400,,,,0.1000
490,WE_BE_82,Wafer,0.870000,0.043500,0.652500,,,1.0000
491,Litho_BE_110,Wafer,2.874000,0.143700,,,,1.0000
492,LithoMet_BE_18,Lot,25.470000,1.273500,,,,0.1900
493,Litho_REG_BE_63,Lot,28.836000,1.441800,,,,0.4400
494,DE_BE_66,Lot,116.034000,5.801700,,,,1.0000
495,WE_BE_9,Wafer,0.750000,0.037500,0.562500,,,1.0000
496,LithoTrack_FE_95,Wafer,1.980000,0.099000,,,,1.0000
497,Litho_BE_110,Wafer,2.760000,0.138000,,,,1.0000
498,LithoMet_BE_18,Lot,17.124000,0.856200,,,,1.0000
499,Litho_REG_BE_63,Lot,22.710000,1.135500,,,,1.0000
500,DE_BE_65,Lot,92.148000,4.607400,,,,1.0000
501,WE_BE_9,Wafer,1.056000,0.052800,0.792000,,,1.0000
502,DE_BE_13,Lot,88.212000,4.410600,,,,1.0000
503,WE_BE_16,Wafer,0.906000,0.045300,0.679500,,,1.0000
504,LithoMet_BE_18,Lot,24.558000,1.227900,,,,1.0000
505,TF_BE_23,Lot,60.558000,3.027900,51.474300,,,1.0000
506,DefMet_BE_42,Lot,23.352000,1.167600,,,,0.1000
507,TF_BE_40,Lot,68.910000,3.445500,58.573500,,,1.0000
508,Planar_BE_75,Lot,51.360000,2.568000,35.952000,,,1.0000
509,Dielectric_BE_27,Lot,48.114000,2.405700,43.326000,,,1.0000
510,Dielectric_BE_21,Lot,36.954000,1.847700,,,,1.0000
511,DefMet_BE_33,Lot,27.750000,1.387500,,,,0.1000
512,WE_BE_82,Wafer,0.726000,0.036300,0.544500,,,1.0000
513,Litho_BE_110,Wafer,2.610000,0.130500,,,,1.0000
514,LithoMet_BE_18,Lot,23.400000,1.170000,,,,0.1500
515,Litho_REG_BE_63,Lot,16.242000,0.812100,,,,0.4200
516,DE_BE_66,Lot,174.150000,8.707500,,,,1.0000
517,WE_BE_9,Wafer,0.822000,0.041100,0.616500,,,1.0000
518,LithoTrack_FE_95,Wafer,3.198000,0.159900,,,,1.0000
519,Litho_BE_110,Wafer,2.640000,0.132000,,,,1.0000
520,LithoMet_BE_18,Lot,22.980000,1.149000,,,,0.3500
521,Litho_REG_BE_63,Lot,28.800000,1.440000,,,,0.5000
522,DE_BE_65,Lot,81.864000,4.093200,,,,1.0000
523,WE_BE_9,Wafer,1.086000,0.054300,0.814500,,,1.0000
524,DE_BE_13,Lot,117.504000,5.875200,,,,1.0000
525,WE_BE_16,Wafer,1.062000,0.053100,0.796500,,,1.0000
526,LithoMet_BE_18,Lot,20.802000,1.040100,,,,0.3800
527,TF_BE_23,Lot,67.878000,3.393900,57.696300,,,1.0000
528,TF_BE_40,Lot,78.960000,3.948000,67.116000,,,1.0000
529,Planar_BE_75,Lot,53.154000,2.657700,37.278000,,,1.0000
530,Dielectric_BE_27,Lot,54.618000,2.730900,49.156200,,,1.0000
531,Dielectric_BE_21,Lot,35.874000,1.793700,,,,1.0000
532,DefMet_BE_33,Lot,11.838000,0.591900,,,,0.1000
533,WE_BE_82,Wafer,0.666000,0.033300,0.499500,,,1.0000
534,Litho_BE_110,Wafer,3.264000,0.163200,,,,1.0000
535,LithoMet_BE_18,Lot,26.742000,1.337100,,,,0.4100
536,Litho_REG_BE_63,Lot,23.106000,1.155300,,,,1.0000
537,DE_BE_66,Lot,115.506000,5.775300,,,,1.0000
538,WE_BE_9,Wafer,0.996000,0.049800,0.747000,,,1.0000
539,LithoTrack_FE_95,Wafer,2.970000,0.148500,,,,1.0000
540,Litho_BE_110,Wafer,1.680000,0.084000,,,,1.0000
541,LithoMet_BE_18,Lot,15.048000,0.752400,,,,1.0000
542,Litho_REG_BE_63,Lot,26.844000,1.342200,,,,1.0000
543,DE_BE_65,Lot,148.926000,7.446300,,,,1.0000
544,WE_BE_9,Wafer,1.038000,0.051900,0.778500,,,1.0000
545,DE_BE_13,Lot,78.666000,3.933300,,,,1.0000
546,WE_BE_16,Wafer,1.104000,0.055200,0.828000,,,1.0000
547,LithoMet_BE_18,Lot,23.142000,1.157100,,,,1.0000
548,TF_BE_23,Lot,76.368000,3.818400,64.912800,,,1.0000
549,TF_BE_40,Lot,86.484000,4.324200,73.511400,,,1.0000
550,Planar_BE_75,Lot,66.894000,3.344700,46.825800,,,1.0000
551,Dielectric_BE_27,Lot,48.138000,2.406900,43.324200,,,1.0000
552,Dielectric_BE_28,Lot,45.858000,2.292900,,,,1.0000
553,Diffusion_BE_123,Batch,434.694000,21.734700,,100,125,1.0000
554,TF_BE_26,Lot,60.552000,3.027600,51.469200,,,1.0000
555,WE_BE_82,Wafer,0.954000,0.047700,0.715500,,,1.0000
556,LithoTrack_FE_95,Wafer,2.748000,0.137400,,,,1.0000
557,Litho_BE_110,Wafer,3.096000,0.154800,,,,1.0000
558,LithoMet_BE_18,Lot,20.622000,1.031100,,,,0.2900
559,Litho_REG_BE_63,Lot,28.758000,1.437900,,,,0.2300
560,DE_BE_48,Lot,117.396000,5.869800,,,,1.0000
561,WE_BE_14,Wafer,0.774000,0.038700,0.585000,,,1.0000
562,WE_BE_16,Wafer,1.020000,0.051000,0.765000,,,1.0000
563,LithoMet_BE_18,Lot,20.214000,1.010700,,,,0.4200
564,TF_BE_2,Lot,63.762000,3.188100,54.197700,,,1.0000
565,TF_BE_26,Lot,63.534000,3.176700,54.390000,,,1.0000
566,WE_BE_82,Wafer,0.786000,0.039300,0.589500,,,1.0000
567,LithoTrack_FE_95,Wafer,2.646000,0.132300,,,,1.0000
568,Litho_BE_110,Wafer,2.436000,0.121800,,,,1.0000
569,LithoMet_BE_18,Lot,24.306000,1.215300,,,,0.2900
570,Litho_REG_BE_63,Lot,24.804000,1.240200,,,,1.0000
571,DE_BE_48,Lot,162.720000,8.136000,,,,1.0000
572,WE_BE_14,Wafer,0.738000,0.036900,0.553500,,,1.0000
573,WE_BE_16,Wafer,0.738000,0.036900,0.553500,,,1.0000
574,DefMet_BE_42,Lot,8.196000,0.409800,,,,0.1000
575,LithoMet_BE_18,Lot,18.816000,0.940800,,,,1.0000
576,Dielectric_BE_28,Lot,34.842000,1.742100,,,,1.0000
577,WE_BE_82,Wafer,1.158000,0.057900,0.868500,,,1.0000
578,Litho_BE_110,Wafer,2.472000,0.123600,,,,1.0000
579,LithoMet_BE_18,Lot,25.050000,1.252500,,,,0.3600
580,Litho_REG_BE_63,Lot,15.174000,0.758700,,,,1.0000
581,DE_BE_69,Lot,66.462000,3.323100,,,,1.0000
582,Delay_32,Lot,120.000000,6.000000,,,,1.0000
583,WE_BE_17,Wafer,0.648000,0.032400,0.486000,,,1.0000
